Dataset,Feature,Model,Variant,Data,Attack_Accuracy,Random_Baseline,Majority_Baseline,Successful_Attack,Improvement_Over_Baseline
insurance,SEX,XGBoost,Underfitted,Train,0.4934579439252336,0.5,0.5052316890881914,False,0.9766963446330806
insurance,SEX,XGBoost,Underfitted,Test,0.5,0.5,0.5052316890881914,False,0.9896449704142011
insurance,SEX,XGBoost,Optimal,Train,0.4981308411214953,0.5,0.5052316890881914,False,0.9859453630481666
insurance,SEX,XGBoost,Optimal,Test,0.458955223880597,0.5,0.5052316890881914,False,0.9084054579175129
insurance,SEX,XGBoost,Overfitted,Train,0.5364485981308411,0.5,0.5052316890881914,True,1.0617873140518719
insurance,SEX,XGBoost,Overfitted,Test,0.4888059701492537,0.5,0.5052316890881914,False,0.9674887397332861
insurance,SEX,DecisionTree,Underfitted,Train,0.4934579439252336,0.5,0.5052316890881914,False,0.9766963446330806
insurance,SEX,DecisionTree,Underfitted,Test,0.5,0.5,0.5052316890881914,False,0.9896449704142011
insurance,SEX,DecisionTree,Optimal,Train,0.502803738317757,0.5,0.5052316890881914,False,0.9951943814632528
insurance,SEX,DecisionTree,Optimal,Test,0.4850746268656716,0.5,0.5052316890881914,False,0.9601033295063144
insurance,SEX,DecisionTree,Overfitted,Train,0.4822429906542056,0.5,0.5052316890881914,False,0.9544987004368743
insurance,SEX,DecisionTree,Overfitted,Test,0.5149253731343284,0.5,0.5052316890881914,True,1.0191866113220878
insurance,SEX,RandomForest,Underfitted,Train,0.5018691588785047,0.5,0.5052316890881914,False,0.9933445777802355
insurance,SEX,RandomForest,Underfitted,Test,0.4888059701492537,0.5,0.5052316890881914,False,0.9674887397332861
insurance,SEX,RandomForest,Optimal,Train,0.594392523364486,0.5,0.5052316890881914,True,1.1764751423989381
insurance,SEX,RandomForest,Optimal,Test,0.4925373134328358,0.5,0.5052316890881914,False,0.9748741499602578
insurance,SEX,RandomForest,Overfitted,Train,0.625233644859813,0.5,0.5052316890881914,True,1.2375186639385056
insurance,SEX,RandomForest,Overfitted,Test,0.4776119402985074,0.5,0.5052316890881914,False,0.9453325090523711
insurance,SEX,NeuralNetwork,Underfitted,Train,0.5233644859813084,0.5,0.5052316890881914,True,1.035890062489631
insurance,SEX,NeuralNetwork,Underfitted,Test,0.4776119402985074,0.5,0.5052316890881914,False,0.9453325090523711
insurance,SEX,NeuralNetwork,Optimal,Train,0.5112149532710281,0.5,0.5052316890881914,True,1.0118426146104076
insurance,SEX,NeuralNetwork,Optimal,Test,0.4514925373134328,0.5,0.5052316890881914,False,0.8936346374635695
insurance,SEX,NeuralNetwork,Overfitted,Train,0.4841121495327102,0.5,0.5052316890881914,False,0.9581983078029086
insurance,SEX,NeuralNetwork,Overfitted,Test,0.4962686567164179,0.5,0.5052316890881914,False,0.9822595601872294
insurance,SMOKER,XGBoost,Underfitted,Train,0.2046728971962617,0.5,0.7952167414050823,False,0.2573800154592088
insurance,SMOKER,XGBoost,Underfitted,Test,0.2052238805970149,0.5,0.7952167414050823,False,0.2580728874424868
insurance,SMOKER,XGBoost,Optimal,Train,0.2738317757009346,0.5,0.7952167414050823,False,0.3443486051577542
insurance,SMOKER,XGBoost,Optimal,Test,0.2835820895522388,0.5,0.7952167414050823,False,0.3566098081023454
insurance,SMOKER,XGBoost,Overfitted,Train,0.4009345794392523,0.5,0.7952167414050823,False,0.5041827700091349
insurance,SMOKER,XGBoost,Overfitted,Test,0.3358208955223881,0.5,0.7952167414050823,False,0.4223010885422512
insurance,SMOKER,DecisionTree,Underfitted,Train,0.3542056074766355,0.5,0.7952167414050823,False,0.44542020940200966
insurance,SMOKER,DecisionTree,Underfitted,Test,0.3843283582089552,0.5,0.7952167414050823,False,0.48330013466502075
insurance,SMOKER,DecisionTree,Optimal,Train,0.2560747663551402,0.5,0.7952167414050823,False,0.3220188321270466
insurance,SMOKER,DecisionTree,Optimal,Test,0.2761194029850746,0.5,0.7952167414050823,False,0.3472253394680731
insurance,SMOKER,DecisionTree,Overfitted,Train,0.2046728971962617,0.5,0.7952167414050823,False,0.2573800154592088
insurance,SMOKER,DecisionTree,Overfitted,Test,0.2052238805970149,0.5,0.7952167414050823,False,0.2580728874424868
insurance,SMOKER,RandomForest,Underfitted,Train,0.2177570093457944,0.5,0.7952167414050823,False,0.27383353242920383
insurance,SMOKER,RandomForest,Underfitted,Test,0.2164179104477611,0.5,0.7952167414050823,False,0.272149590393895
insurance,SMOKER,RandomForest,Optimal,Train,0.3233644859813084,0.5,0.7952167414050823,False,0.406636919401307
insurance,SMOKER,RandomForest,Optimal,Test,0.2947761194029851,0.5,0.7952167414050823,False,0.3706865110537538
insurance,SMOKER,RandomForest,Overfitted,Train,0.5579439252336449,0.5,0.7952167414050823,False,0.701624973649076
insurance,SMOKER,RandomForest,Overfitted,Test,0.3805970149253731,0.5,0.7952167414050823,False,0.4786079003478846
insurance,SMOKER,NeuralNetwork,Underfitted,Train,0.5261682242990654,0.5,0.7952167414050823,False,0.6616664324362307
insurance,SMOKER,NeuralNetwork,Underfitted,Test,0.4664179104477612,0.5,0.7952167414050823,False,0.5865292896420155
insurance,SMOKER,NeuralNetwork,Optimal,Train,0.2738317757009346,0.5,0.7952167414050823,False,0.3443486051577542
insurance,SMOKER,NeuralNetwork,Optimal,Test,0.2313432835820895,0.5,0.7952167414050823,False,0.2909185276624396
insurance,SMOKER,NeuralNetwork,Overfitted,Train,0.2448598130841121,0.5,0.7952167414050823,False,0.3079158175813364
insurance,SMOKER,NeuralNetwork,Overfitted,Test,0.2388059701492537,0.5,0.7952167414050823,False,0.30030299629671187
insurance,REGION,XGBoost,Underfitted,Train,0.2757009345794392,0.25,0.2720478325859491,True,1.0134281606244224
insurance,REGION,XGBoost,Underfitted,Test,0.2985074626865671,0.25,0.2720478325859491,True,1.0972609480072166
insurance,REGION,XGBoost,Optimal,Train,0.2990654205607476,0.25,0.2720478325859491,True,1.0993119030502208
insurance,REGION,XGBoost,Optimal,Test,0.2052238805970149,0.25,0.2720478325859491,False,0.7543669017549616
insurance,REGION,XGBoost,Overfitted,Train,0.3149532710280374,0.25,0.2720478325859491,True,1.157712847899764
insurance,REGION,XGBoost,Overfitted,Test,0.2537313432835821,0.25,0.2720478325859491,False,0.9326718058061344
insurance,REGION,DecisionTree,Underfitted,Train,0.2401869158878504,0.25,0.2720478325859491,False,0.8828848721372086
insurance,REGION,DecisionTree,Underfitted,Test,0.2537313432835821,0.25,0.2720478325859491,False,0.9326718058061344
insurance,REGION,DecisionTree,Optimal,Train,0.2411214953271028,0.25,0.2720478325859491,False,0.8863202218342408
insurance,REGION,DecisionTree,Optimal,Test,0.25,0.25,0.2720478325859491,False,0.9189560439560441
insurance,REGION,DecisionTree,Overfitted,Train,0.2364485981308411,0.25,0.2720478325859491,False,0.8691434733490809
insurance,REGION,DecisionTree,Overfitted,Test,0.2649253731343283,0.25,0.2720478325859491,False,0.9738190913564048
insurance,REGION,RandomForest,Underfitted,Train,0.2878504672897196,0.25,0.2720478325859491,True,1.0580877066858376
insurance,REGION,RandomForest,Underfitted,Test,0.2649253731343283,0.25,0.2720478325859491,False,0.9738190913564048
insurance,REGION,RandomForest,Optimal,Train,0.3345794392523364,0.25,0.2720478325859491,True,1.2298551915374347
insurance,REGION,RandomForest,Optimal,Test,0.2052238805970149,0.25,0.2720478325859491,False,0.7543669017549616
insurance,REGION,RandomForest,Overfitted,Train,0.4271028037383177,0.25,0.2720478325859491,True,1.5699548115435968
insurance,REGION,RandomForest,Overfitted,Test,0.2388059701492537,0.25,0.2720478325859491,False,0.8778087584057734
insurance,REGION,NeuralNetwork,Underfitted,Train,0.2728971962616822,0.25,0.2720478325859491,True,1.0031221115333264
insurance,REGION,NeuralNetwork,Underfitted,Test,0.208955223880597,0.25,0.2720478325859491,False,0.7680826636050518
insurance,REGION,NeuralNetwork,Optimal,Train,0.2831775700934579,0.25,0.2720478325859491,True,1.040910958200678
insurance,REGION,NeuralNetwork,Optimal,Test,0.1902985074626865,0.25,0.2720478325859491,False,0.6995038543546006
insurance,REGION,NeuralNetwork,Overfitted,Train,0.2934579439252336,0.25,0.2720478325859491,True,1.0786998048680294
insurance,REGION,NeuralNetwork,Overfitted,Test,0.2350746268656716,0.25,0.2720478325859491,False,0.8640929965556832
insurance,BMI_CATEGORY,XGBoost,Underfitted,Train,0.2869158878504673,0.25,0.5351270553064275,False,0.5361640474077168
insurance,BMI_CATEGORY,XGBoost,Underfitted,Test,0.2723880597014925,0.25,0.5351270553064275,False,0.5090156758108897
insurance,BMI_CATEGORY,XGBoost,Optimal,Train,0.214018691588785,0.25,0.5351270553064275,False,0.39993995718686365
insurance,BMI_CATEGORY,XGBoost,Optimal,Test,0.1902985074626865,0.25,0.5351270553064275,False,0.35561369131993653
insurance,BMI_CATEGORY,XGBoost,Overfitted,Train,0.3495327102803738,0.25,0.5351270553064275,False,0.6531770479820393
insurance,BMI_CATEGORY,XGBoost,Overfitted,Test,0.3097014925373134,0.25,0.5351270553064275,False,0.5787438505795046
insurance,BMI_CATEGORY,DecisionTree,Underfitted,Train,0.2869158878504673,0.25,0.5351270553064275,False,0.5361640474077168
insurance,BMI_CATEGORY,DecisionTree,Underfitted,Test,0.2723880597014925,0.25,0.5351270553064275,False,0.5090156758108897
insurance,BMI_CATEGORY,DecisionTree,Optimal,Train,0.302803738317757,0.25,0.5351270553064275,False,0.5658539132250823
insurance,BMI_CATEGORY,DecisionTree,Optimal,Test,0.2798507462686567,0.25,0.5351270553064275,False,0.5229613107646127
insurance,BMI_CATEGORY,DecisionTree,Overfitted,Train,0.2794392523364486,0.25,0.5351270553064275,False,0.5221923458466038
insurance,BMI_CATEGORY,DecisionTree,Overfitted,Test,0.2686567164179104,0.25,0.5351270553064275,False,0.5020428583340282
insurance,BMI_CATEGORY,RandomForest,Underfitted,Train,0.2130841121495327,0.25,0.5351270553064275,False,0.3981934944917246
insurance,BMI_CATEGORY,RandomForest,Underfitted,Test,0.1977611940298507,0.25,0.5351270553064275,False,0.3695593262736596
insurance,BMI_CATEGORY,RandomForest,Optimal,Train,0.5196261682242991,0.25,0.5351270553064275,False,0.9710332584973634
insurance,BMI_CATEGORY,RandomForest,Optimal,Test,0.458955223880597,0.25,0.5351270553064275,False,0.8576565496539649
insurance,BMI_CATEGORY,RandomForest,Overfitted,Train,0.5383177570093458,0.25,0.5351270553064275,True,1.0059625124001463
insurance,BMI_CATEGORY,RandomForest,Overfitted,Test,0.3917910447761194,0.25,0.5351270553064275,False,0.7321458350704578
insurance,BMI_CATEGORY,NeuralNetwork,Underfitted,Train,0.2953271028037383,0.25,0.5351270553064275,False,0.5518822116639691
insurance,BMI_CATEGORY,NeuralNetwork,Underfitted,Test,0.3208955223880597,0.25,0.5351270553064275,False,0.5996623030100893
insurance,BMI_CATEGORY,NeuralNetwork,Optimal,Train,0.1841121495327102,0.25,0.5351270553064275,False,0.344053150942411
insurance,BMI_CATEGORY,NeuralNetwork,Optimal,Test,0.1604477611940298,0.25,0.5351270553064275,False,0.2998311515050445
insurance,BMI_CATEGORY,NeuralNetwork,Overfitted,Train,0.1607476635514018,0.25,0.5351270553064275,False,0.3003915835639324
insurance,BMI_CATEGORY,NeuralNetwork,Overfitted,Test,0.1567164179104477,0.25,0.5351270553064275,False,0.292858334028183
insurance,HAS_CHILDREN,XGBoost,Underfitted,Train,0.5822429906542056,0.5,0.5710014947683109,True,1.0196873318001665
insurance,HAS_CHILDREN,XGBoost,Underfitted,Test,0.6082089552238806,0.5,0.5710014947683109,True,1.0651617566617178
insurance,HAS_CHILDREN,XGBoost,Optimal,Train,0.5439252336448598,0.5,0.5710014947683109,False,0.9525811029016
insurance,HAS_CHILDREN,XGBoost,Optimal,Test,0.4813432835820895,0.5,0.5710014947683109,False,0.8429807767445495
insurance,HAS_CHILDREN,XGBoost,Overfitted,Train,0.5663551401869159,0.5,0.5710014947683109,False,0.9918627978666146
insurance,HAS_CHILDREN,XGBoost,Overfitted,Test,0.4626865671641791,0.5,0.5710014947683109,False,0.810307103227319
insurance,HAS_CHILDREN,DecisionTree,Underfitted,Train,0.4364485981308411,0.5,0.5710014947683109,False,0.7643563145275726
insurance,HAS_CHILDREN,DecisionTree,Underfitted,Test,0.3992537313432835,0.5,0.5710014947683109,False,0.6992166132687349
insurance,HAS_CHILDREN,DecisionTree,Optimal,Train,0.4429906542056074,0.5,0.5710014947683109,False,0.775813475559035
insurance,HAS_CHILDREN,DecisionTree,Optimal,Test,0.458955223880597,0.5,0.5710014947683109,False,0.8037723685238728
insurance,HAS_CHILDREN,DecisionTree,Overfitted,Train,0.4214953271028037,0.5,0.5710014947683109,False,0.7381685178842295
insurance,HAS_CHILDREN,DecisionTree,Overfitted,Test,0.3880597014925373,0.5,0.5710014947683109,False,0.6796124091583966
insurance,HAS_CHILDREN,RandomForest,Underfitted,Train,0.5420560747663551,0.5,0.5710014947683109,False,0.9493076283211822
insurance,HAS_CHILDREN,RandomForest,Underfitted,Test,0.5708955223880597,0.5,0.5710014947683109,False,0.9998144096272565
insurance,HAS_CHILDREN,RandomForest,Optimal,Train,0.6383177570093458,0.5,0.5710014947683109,True,1.1178915692127025
insurance,HAS_CHILDREN,RandomForest,Optimal,Test,0.5671641791044776,0.5,0.5710014947683109,False,0.9932796749238103
insurance,HAS_CHILDREN,RandomForest,Overfitted,Train,0.6831775700934579,0.5,0.5710014947683109,True,1.1964549591427314
insurance,HAS_CHILDREN,RandomForest,Overfitted,Test,0.5111940298507462,0.5,0.5710014947683109,False,0.8952586543721185
insurance,HAS_CHILDREN,NeuralNetwork,Underfitted,Train,0.569158878504673,0.5,0.5710014947683109,False,0.9967730097372415
insurance,HAS_CHILDREN,NeuralNetwork,Underfitted,Test,0.5522388059701493,0.5,0.5710014947683109,False,0.9671407361100259
insurance,HAS_CHILDREN,NeuralNetwork,Optimal,Train,0.5588785046728972,0.5,0.5710014947683109,False,0.9787688995449432
insurance,HAS_CHILDREN,NeuralNetwork,Optimal,Test,0.503731343283582,0.5,0.5710014947683109,False,0.8821891849652262
insurance,HAS_CHILDREN,NeuralNetwork,Overfitted,Train,0.5532710280373832,0.5,0.5710014947683109,False,0.9689484758036895
insurance,HAS_CHILDREN,NeuralNetwork,Overfitted,Test,0.5149253731343284,0.5,0.5710014947683109,False,0.9017933890755647
personality,Stage_fear,XGBoost,Underfitted,Train,0.76,0.5,0.5518,True,1.377310619789779
personality,Stage_fear,XGBoost,Underfitted,Test,0.723,0.5,0.5518,True,1.3102573396158028
personality,Stage_fear,XGBoost,Optimal,Train,0.74975,0.5,0.5518,True,1.3587350489307721
personality,Stage_fear,XGBoost,Optimal,Test,0.72,0.5,0.5518,True,1.3048205871692642
personality,Stage_fear,XGBoost,Overfitted,Train,0.713,0.5,0.5518,True,1.2921348314606742
personality,Stage_fear,XGBoost,Overfitted,Test,0.682,0.5,0.5518,True,1.2359550561797754
personality,Stage_fear,DecisionTree,Underfitted,Train,0.4545,0.5,0.5518,False,0.8236679956505981
personality,Stage_fear,DecisionTree,Underfitted,Test,0.423,0.5,0.5518,False,0.7665820949619427
personality,Stage_fear,DecisionTree,Optimal,Train,0.4565,0.5,0.5518,False,0.8272924972816239
personality,Stage_fear,DecisionTree,Optimal,Test,0.436,0.5,0.5518,False,0.7901413555636101
personality,Stage_fear,DecisionTree,Overfitted,Train,0.45475,0.5,0.5518,False,0.8241210583544764
personality,Stage_fear,DecisionTree,Overfitted,Test,0.427,0.5,0.5518,False,0.7738310982239942
personality,Stage_fear,RandomForest,Underfitted,Train,0.64175,0.5,0.5518,True,1.1630119608553826
personality,Stage_fear,RandomForest,Underfitted,Test,0.571,0.5,0.5518,True,1.034795215657847
personality,Stage_fear,RandomForest,Optimal,Train,0.6265,0.5,0.5518,True,1.1353751359188111
personality,Stage_fear,RandomForest,Optimal,Test,0.581,0.5,0.5518,True,1.0529177238129757
personality,Stage_fear,RandomForest,Overfitted,Train,0.57625,0.5,0.5518,True,1.0443095324392897
personality,Stage_fear,RandomForest,Overfitted,Test,0.541,0.5,0.5518,False,0.9804276911924612
personality,Stage_fear,NeuralNetwork,Underfitted,Train,0.757,0.5,0.5518,True,1.3718738673432405
personality,Stage_fear,NeuralNetwork,Underfitted,Test,0.726,0.5,0.5518,True,1.3156940920623414
personality,Stage_fear,NeuralNetwork,Optimal,Train,0.65675,0.5,0.5518,True,1.1901957230880753
personality,Stage_fear,NeuralNetwork,Optimal,Test,0.611,0.5,0.5518,True,1.1072852482783617
personality,Stage_fear,NeuralNetwork,Overfitted,Train,0.577,0.5,0.5518,True,1.0456687205509243
personality,Stage_fear,NeuralNetwork,Overfitted,Test,0.559,0.5,0.5518,True,1.0130482058716928
personality,Drained_after_socializing,XGBoost,Underfitted,Train,0.737,0.5,0.5506,True,1.338539774791137
personality,Drained_after_socializing,XGBoost,Underfitted,Test,0.754,0.5,0.5506,True,1.3694151834362513
personality,Drained_after_socializing,XGBoost,Optimal,Train,0.694,0.5,0.5506,True,1.2604431529240827
personality,Drained_after_socializing,XGBoost,Optimal,Test,0.698,0.5,0.5506,True,1.2677079549582273
personality,Drained_after_socializing,XGBoost,Overfitted,Train,0.657,0.5,0.5506,True,1.1932437341082456
personality,Drained_after_socializing,XGBoost,Overfitted,Test,0.646,0.5,0.5506,True,1.173265528514348
personality,Drained_after_socializing,DecisionTree,Underfitted,Train,0.449,0.5,0.5506,False,0.815474028332728
personality,Drained_after_socializing,DecisionTree,Underfitted,Test,0.451,0.5,0.5506,False,0.8191064293498003
personality,Drained_after_socializing,DecisionTree,Optimal,Train,0.459,0.5,0.5506,False,0.8336360334180895
personality,Drained_after_socializing,DecisionTree,Optimal,Test,0.454,0.5,0.5506,False,0.8245550308754087
personality,Drained_after_socializing,DecisionTree,Overfitted,Train,0.44825,0.5,0.5506,False,0.8141118779513258
personality,Drained_after_socializing,DecisionTree,Overfitted,Test,0.452,0.5,0.5506,False,0.8209226298583364
personality,Drained_after_socializing,RandomForest,Underfitted,Train,0.69075,0.5,0.5506,True,1.2545405012713404
personality,Drained_after_socializing,RandomForest,Underfitted,Test,0.683,0.5,0.5506,True,1.2404649473301854
personality,Drained_after_socializing,RandomForest,Optimal,Train,0.60525,0.5,0.5506,True,1.0992553577915
personality,Drained_after_socializing,RandomForest,Optimal,Test,0.607,0.5,0.5506,True,1.1024337086814384
personality,Drained_after_socializing,RandomForest,Overfitted,Train,0.57525,0.5,0.5506,True,1.044769342535416
personality,Drained_after_socializing,RandomForest,Overfitted,Test,0.563,0.5,0.5506,True,1.0225208863058481
personality,Drained_after_socializing,NeuralNetwork,Underfitted,Train,0.73525,0.5,0.5506,True,1.3353614239011986
personality,Drained_after_socializing,NeuralNetwork,Underfitted,Test,0.75,0.5,0.5506,True,1.3621503814021068
personality,Drained_after_socializing,NeuralNetwork,Optimal,Train,0.67025,0.5,0.5506,True,1.2173083908463496
personality,Drained_after_socializing,NeuralNetwork,Optimal,Test,0.705,0.5,0.5506,True,1.2804213585179804
personality,Drained_after_socializing,NeuralNetwork,Overfitted,Train,0.602,0.5,0.5506,True,1.0933527061387578
personality,Drained_after_socializing,NeuralNetwork,Overfitted,Test,0.596,0.5,0.5506,True,1.082455503087541
personality,Time_Alone_Category,XGBoost,Underfitted,Train,0.34275,0.3333333333333333,0.441,False,0.7772108843537415
personality,Time_Alone_Category,XGBoost,Underfitted,Test,0.349,0.3333333333333333,0.441,False,0.7913832199546484
personality,Time_Alone_Category,XGBoost,Optimal,Train,0.48225,0.3333333333333333,0.441,True,1.0935374149659864
personality,Time_Alone_Category,XGBoost,Optimal,Test,0.446,0.3333333333333333,0.441,True,1.0113378684807257
personality,Time_Alone_Category,XGBoost,Overfitted,Train,0.4805,0.3333333333333333,0.441,True,1.0895691609977325
personality,Time_Alone_Category,XGBoost,Overfitted,Test,0.433,0.3333333333333333,0.441,False,0.981859410430839
personality,Time_Alone_Category,DecisionTree,Underfitted,Train,0.34275,0.3333333333333333,0.441,False,0.7772108843537415
personality,Time_Alone_Category,DecisionTree,Underfitted,Test,0.349,0.3333333333333333,0.441,False,0.7913832199546484
personality,Time_Alone_Category,DecisionTree,Optimal,Train,0.3515,0.3333333333333333,0.441,False,0.7970521541950113
personality,Time_Alone_Category,DecisionTree,Optimal,Test,0.354,0.3333333333333333,0.441,False,0.8027210884353742
personality,Time_Alone_Category,DecisionTree,Overfitted,Train,0.342,0.3333333333333333,0.441,False,0.7755102040816327
personality,Time_Alone_Category,DecisionTree,Overfitted,Test,0.35,0.3333333333333333,0.441,False,0.7936507936507936
personality,Time_Alone_Category,RandomForest,Underfitted,Train,0.427,0.3333333333333333,0.441,False,0.9682539682539683
personality,Time_Alone_Category,RandomForest,Underfitted,Test,0.401,0.3333333333333333,0.441,False,0.9092970521541951
personality,Time_Alone_Category,RandomForest,Optimal,Train,0.45175,0.3333333333333333,0.441,True,1.02437641723356
personality,Time_Alone_Category,RandomForest,Optimal,Test,0.414,0.3333333333333333,0.441,False,0.9387755102040816
personality,Time_Alone_Category,RandomForest,Overfitted,Train,0.429,0.3333333333333333,0.441,False,0.9727891156462585
personality,Time_Alone_Category,RandomForest,Overfitted,Test,0.392,0.3333333333333333,0.441,False,0.888888888888889
personality,Time_Alone_Category,NeuralNetwork,Underfitted,Train,0.4905,0.3333333333333333,0.441,True,1.1122448979591837
personality,Time_Alone_Category,NeuralNetwork,Underfitted,Test,0.498,0.3333333333333333,0.441,True,1.129251700680272
personality,Time_Alone_Category,NeuralNetwork,Optimal,Train,0.45025,0.3333333333333333,0.441,True,1.0209750566893423
personality,Time_Alone_Category,NeuralNetwork,Optimal,Test,0.405,0.3333333333333333,0.441,False,0.9183673469387755
personality,Time_Alone_Category,NeuralNetwork,Overfitted,Train,0.46125,0.3333333333333333,0.441,True,1.0459183673469388
personality,Time_Alone_Category,NeuralNetwork,Overfitted,Test,0.43,0.3333333333333333,0.441,False,0.9750566893424036
personality,Social_Events_Category,XGBoost,Underfitted,Train,0.5065,0.3333333333333333,0.4846,True,1.0451919108543128
personality,Social_Events_Category,XGBoost,Underfitted,Test,0.508,0.3333333333333333,0.4846,True,1.0482872472141973
personality,Social_Events_Category,XGBoost,Optimal,Train,0.5085,0.3333333333333333,0.4846,True,1.0493190260008254
personality,Social_Events_Category,XGBoost,Optimal,Test,0.511,0.3333333333333333,0.4846,True,1.0544779199339662
personality,Social_Events_Category,XGBoost,Overfitted,Train,0.5015,0.3333333333333333,0.4846,True,1.0348741229880314
personality,Social_Events_Category,XGBoost,Overfitted,Test,0.502,0.3333333333333333,0.4846,True,1.0359059017746595
personality,Social_Events_Category,DecisionTree,Underfitted,Train,0.48575,0.3333333333333333,0.4846,True,1.0023730912092448
personality,Social_Events_Category,DecisionTree,Underfitted,Test,0.48,0.3333333333333333,0.4846,False,0.9905076351630211
personality,Social_Events_Category,DecisionTree,Optimal,Train,0.47475,0.3333333333333333,0.4846,False,0.9796739579034256
personality,Social_Events_Category,DecisionTree,Optimal,Test,0.454,0.3333333333333333,0.4846,False,0.9368551382583575
personality,Social_Events_Category,DecisionTree,Overfitted,Train,0.48525,0.3333333333333333,0.4846,True,1.0013413124226167
personality,Social_Events_Category,DecisionTree,Overfitted,Test,0.481,0.3333333333333333,0.4846,False,0.9925711927362774
personality,Social_Events_Category,RandomForest,Underfitted,Train,0.48725,0.3333333333333333,0.4846,True,1.0054684275691292
personality,Social_Events_Category,RandomForest,Underfitted,Test,0.478,0.3333333333333333,0.4846,False,0.9863805200165084
personality,Social_Events_Category,RandomForest,Optimal,Train,0.49875,0.3333333333333333,0.4846,True,1.0291993396615766
personality,Social_Events_Category,RandomForest,Optimal,Test,0.472,0.3333333333333333,0.4846,False,0.9739991745769707
personality,Social_Events_Category,RandomForest,Overfitted,Train,0.52625,0.3333333333333333,0.4846,True,1.0859471729261247
personality,Social_Events_Category,RandomForest,Overfitted,Test,0.479,0.3333333333333333,0.4846,False,0.9884440775897647
personality,Social_Events_Category,NeuralNetwork,Underfitted,Train,0.5055,0.3333333333333333,0.4846,True,1.0431283532810565
personality,Social_Events_Category,NeuralNetwork,Underfitted,Test,0.507,0.3333333333333333,0.4846,True,1.0462236896409411
personality,Social_Events_Category,NeuralNetwork,Optimal,Train,0.49425,0.3333333333333333,0.4846,True,1.0199133305819232
personality,Social_Events_Category,NeuralNetwork,Optimal,Test,0.495,0.3333333333333333,0.4846,True,1.0214609987618655
personality,Social_Events_Category,NeuralNetwork,Overfitted,Train,0.48625,0.3333333333333333,0.4846,True,1.0034048699958729
personality,Social_Events_Category,NeuralNetwork,Overfitted,Test,0.492,0.3333333333333333,0.4846,True,1.0152703260420965
occupation,Gender,XGBoost,Underfitted,Train,0.389,0.5,0.677,False,0.5745937961595273
occupation,Gender,XGBoost,Underfitted,Test,0.378,0.5,0.677,False,0.5583456425406204
occupation,Gender,XGBoost,Optimal,Train,0.3925,0.5,0.677,False,0.5797636632200887
occupation,Gender,XGBoost,Optimal,Test,0.379,0.5,0.677,False,0.5598227474150664
occupation,Gender,XGBoost,Overfitted,Train,0.46575,0.5,0.677,False,0.6879615952732644
occupation,Gender,XGBoost,Overfitted,Test,0.425,0.5,0.677,False,0.6277695716395864
occupation,Gender,DecisionTree,Underfitted,Train,0.672,0.5,0.677,False,0.9926144756277696
occupation,Gender,DecisionTree,Underfitted,Test,0.697,0.5,0.677,True,1.0295420974889216
occupation,Gender,DecisionTree,Optimal,Train,0.44125,0.5,0.677,False,0.6517725258493352
occupation,Gender,DecisionTree,Optimal,Test,0.443,0.5,0.677,False,0.6543574593796159
occupation,Gender,DecisionTree,Overfitted,Train,0.59625,0.5,0.677,False,0.8807237813884784
occupation,Gender,DecisionTree,Overfitted,Test,0.609,0.5,0.677,False,0.8995568685376661
occupation,Gender,RandomForest,Underfitted,Train,0.347,0.5,0.677,False,0.5125553914327916
occupation,Gender,RandomForest,Underfitted,Test,0.327,0.5,0.677,False,0.48301329394387
occupation,Gender,RandomForest,Optimal,Train,0.418,0.5,0.677,False,0.6174298375184637
occupation,Gender,RandomForest,Optimal,Test,0.39,0.5,0.677,False,0.5760709010339734
occupation,Gender,RandomForest,Overfitted,Train,0.55175,0.5,0.677,False,0.8149926144756277
occupation,Gender,RandomForest,Overfitted,Test,0.482,0.5,0.677,False,0.7119645494830132
occupation,Gender,NeuralNetwork,Underfitted,Train,0.389,0.5,0.677,False,0.5745937961595273
occupation,Gender,NeuralNetwork,Underfitted,Test,0.38,0.5,0.677,False,0.5612998522895125
occupation,Gender,NeuralNetwork,Optimal,Train,0.39675,0.5,0.677,False,0.5860413589364845
occupation,Gender,NeuralNetwork,Optimal,Test,0.405,0.5,0.677,False,0.5982274741506647
occupation,Gender,NeuralNetwork,Overfitted,Train,0.4405,0.5,0.677,False,0.6506646971935007
occupation,Gender,NeuralNetwork,Overfitted,Test,0.403,0.5,0.677,False,0.5952732644017725
occupation,Race,XGBoost,Underfitted,Train,0.85025,0.2,0.8492,True,1.0012364578426756
occupation,Race,XGBoost,Underfitted,Test,0.845,0.2,0.8492,False,0.9950541686292982
occupation,Race,XGBoost,Optimal,Train,0.03975,0.2,0.8492,False,0.04680876118699953
occupation,Race,XGBoost,Optimal,Test,0.04,0.2,0.8492,False,0.04710315591144607
occupation,Race,XGBoost,Overfitted,Train,0.252,0.2,0.8492,False,0.29674988224211024
occupation,Race,XGBoost,Overfitted,Test,0.239,0.2,0.8492,False,0.28144135657089026
occupation,Race,DecisionTree,Underfitted,Train,0.85025,0.2,0.8492,True,1.0012364578426756
occupation,Race,DecisionTree,Underfitted,Test,0.845,0.2,0.8492,False,0.9950541686292982
occupation,Race,DecisionTree,Optimal,Train,0.85025,0.2,0.8492,True,1.0012364578426756
occupation,Race,DecisionTree,Optimal,Test,0.845,0.2,0.8492,False,0.9950541686292982
occupation,Race,DecisionTree,Overfitted,Train,0.69825,0.2,0.8492,False,0.8222444653791805
occupation,Race,DecisionTree,Overfitted,Test,0.708,0.2,0.8492,False,0.8337258596325954
occupation,Race,RandomForest,Underfitted,Train,0.106,0.2,0.8492,False,0.12482336316533207
occupation,Race,RandomForest,Underfitted,Test,0.108,0.2,0.8492,False,0.12717852096090437
occupation,Race,RandomForest,Optimal,Train,0.2005,0.2,0.8492,False,0.23610456900612345
occupation,Race,RandomForest,Optimal,Test,0.178,0.2,0.8492,False,0.209609043805935
occupation,Race,RandomForest,Overfitted,Train,0.59025,0.2,0.8492,False,0.6950659444182761
occupation,Race,RandomForest,Overfitted,Test,0.487,0.2,0.8492,False,0.5734809232218558
occupation,Race,NeuralNetwork,Underfitted,Train,0.09775,0.2,0.8492,False,0.11510833725859633
occupation,Race,NeuralNetwork,Underfitted,Test,0.113,0.2,0.8492,False,0.13306641544983516
occupation,Race,NeuralNetwork,Optimal,Train,0.042,0.2,0.8492,False,0.04945831370701838
occupation,Race,NeuralNetwork,Optimal,Test,0.045,0.2,0.8492,False,0.05299105040037683
occupation,Race,NeuralNetwork,Overfitted,Train,0.037,0.2,0.8492,False,0.04357041921808761
occupation,Race,NeuralNetwork,Overfitted,Test,0.027,0.2,0.8492,False,0.03179463024022609
stackoverflow,EdLevel,XGBoost,Underfitted,Train,0.0525,0.2,0.51,False,0.10294117647058823
stackoverflow,EdLevel,XGBoost,Underfitted,Test,0.052,0.2,0.51,False,0.10196078431372549
stackoverflow,EdLevel,XGBoost,Optimal,Train,0.0535,0.2,0.51,False,0.10490196078431373
stackoverflow,EdLevel,XGBoost,Optimal,Test,0.051,0.2,0.51,False,0.09999999999999999
stackoverflow,EdLevel,XGBoost,Overfitted,Train,0.26575,0.2,0.51,False,0.521078431372549
stackoverflow,EdLevel,XGBoost,Overfitted,Test,0.205,0.2,0.51,False,0.40196078431372545
stackoverflow,EdLevel,DecisionTree,Underfitted,Train,0.0525,0.2,0.51,False,0.10294117647058823
stackoverflow,EdLevel,DecisionTree,Underfitted,Test,0.052,0.2,0.51,False,0.10196078431372549
stackoverflow,EdLevel,DecisionTree,Optimal,Train,0.10775,0.2,0.51,False,0.21127450980392157
stackoverflow,EdLevel,DecisionTree,Optimal,Test,0.111,0.2,0.51,False,0.21764705882352942
stackoverflow,EdLevel,DecisionTree,Overfitted,Train,0.05625,0.2,0.51,False,0.11029411764705882
stackoverflow,EdLevel,DecisionTree,Overfitted,Test,0.052,0.2,0.51,False,0.10196078431372549
stackoverflow,EdLevel,RandomForest,Underfitted,Train,0.18975,0.2,0.51,False,0.3720588235294118
stackoverflow,EdLevel,RandomForest,Underfitted,Test,0.208,0.2,0.51,False,0.40784313725490196
stackoverflow,EdLevel,RandomForest,Optimal,Train,0.221,0.2,0.51,False,0.43333333333333335
stackoverflow,EdLevel,RandomForest,Optimal,Test,0.186,0.2,0.51,False,0.36470588235294116
stackoverflow,EdLevel,RandomForest,Overfitted,Train,0.50225,0.2,0.51,False,0.9848039215686274
stackoverflow,EdLevel,RandomForest,Overfitted,Test,0.259,0.2,0.51,False,0.5078431372549019
stackoverflow,EdLevel,NeuralNetwork,Underfitted,Train,0.20525,0.2,0.51,False,0.4024509803921568
stackoverflow,EdLevel,NeuralNetwork,Underfitted,Test,0.197,0.2,0.51,False,0.3862745098039216
stackoverflow,EdLevel,NeuralNetwork,Optimal,Train,0.06125,0.2,0.51,False,0.12009803921568626
stackoverflow,EdLevel,NeuralNetwork,Optimal,Test,0.085,0.2,0.51,False,0.16666666666666669
stackoverflow,EdLevel,NeuralNetwork,Overfitted,Train,0.053,0.2,0.51,False,0.10392156862745097
stackoverflow,EdLevel,NeuralNetwork,Overfitted,Test,0.072,0.2,0.51,False,0.1411764705882353
stackoverflow,Age,XGBoost,Underfitted,Train,0.64825,0.5,0.6556,False,0.9887888956680904
stackoverflow,Age,XGBoost,Underfitted,Test,0.685,0.5,0.6556,True,1.044844417327639
stackoverflow,Age,XGBoost,Optimal,Train,0.6095,0.5,0.6556,False,0.9296827333740086
stackoverflow,Age,XGBoost,Optimal,Test,0.663,0.5,0.6556,True,1.0112873703477732
stackoverflow,Age,XGBoost,Overfitted,Train,0.5405,0.5,0.6556,False,0.8244356314826113
stackoverflow,Age,XGBoost,Overfitted,Test,0.444,0.5,0.6556,False,0.677242220866382
stackoverflow,Age,DecisionTree,Underfitted,Train,0.64825,0.5,0.6556,False,0.9887888956680904
stackoverflow,Age,DecisionTree,Underfitted,Test,0.685,0.5,0.6556,True,1.044844417327639
stackoverflow,Age,DecisionTree,Optimal,Train,0.64825,0.5,0.6556,False,0.9887888956680904
stackoverflow,Age,DecisionTree,Optimal,Test,0.685,0.5,0.6556,True,1.044844417327639
stackoverflow,Age,DecisionTree,Overfitted,Train,0.62225,0.5,0.6556,False,0.949130567419158
stackoverflow,Age,DecisionTree,Overfitted,Test,0.668,0.5,0.6556,True,1.0189139719341063
stackoverflow,Age,RandomForest,Underfitted,Train,0.474,0.5,0.6556,False,0.7230018303843807
stackoverflow,Age,RandomForest,Underfitted,Test,0.486,0.5,0.6556,False,0.7413056741915802
stackoverflow,Age,RandomForest,Optimal,Train,0.62625,0.5,0.6556,False,0.9552318486882245
stackoverflow,Age,RandomForest,Optimal,Test,0.569,0.5,0.6556,False,0.8679072605247101
stackoverflow,Age,RandomForest,Overfitted,Train,0.809,0.5,0.6556,True,1.2339841366687005
stackoverflow,Age,RandomForest,Overfitted,Test,0.605,0.5,0.6556,False,0.9228187919463088
stackoverflow,Age,NeuralNetwork,Underfitted,Train,0.55875,0.5,0.6556,False,0.8522727272727273
stackoverflow,Age,NeuralNetwork,Underfitted,Test,0.558,0.5,0.6556,False,0.8511287370347774
stackoverflow,Age,NeuralNetwork,Optimal,Train,0.4555,0.5,0.6556,False,0.6947834045149482
stackoverflow,Age,NeuralNetwork,Optimal,Test,0.423,0.5,0.6556,False,0.6452104942037828
stackoverflow,Age,NeuralNetwork,Overfitted,Train,0.37,0.5,0.6556,False,0.5643685173886517
stackoverflow,Age,NeuralNetwork,Overfitted,Test,0.38,0.5,0.6556,False,0.5796217205613179
stackoverflow,MentalHealth,XGBoost,Underfitted,Train,0.7765,0.5,0.7768,False,0.9996138002059731
stackoverflow,MentalHealth,XGBoost,Underfitted,Test,0.778,0.5,0.7768,True,1.001544799176107
stackoverflow,MentalHealth,XGBoost,Optimal,Train,0.69425,0.5,0.7768,False,0.8937306900102987
stackoverflow,MentalHealth,XGBoost,Optimal,Test,0.708,0.5,0.7768,False,0.9114315139031924
stackoverflow,MentalHealth,XGBoost,Overfitted,Train,0.5675,0.5,0.7768,False,0.7305612770339855
stackoverflow,MentalHealth,XGBoost,Overfitted,Test,0.492,0.5,0.7768,False,0.6333676622039135
stackoverflow,MentalHealth,DecisionTree,Underfitted,Train,0.7765,0.5,0.7768,False,0.9996138002059731
stackoverflow,MentalHealth,DecisionTree,Underfitted,Test,0.778,0.5,0.7768,True,1.001544799176107
stackoverflow,MentalHealth,DecisionTree,Optimal,Train,0.704,0.5,0.7768,False,0.9062821833161688
stackoverflow,MentalHealth,DecisionTree,Optimal,Test,0.715,0.5,0.7768,False,0.9204428424304839
stackoverflow,MentalHealth,DecisionTree,Overfitted,Train,0.744,0.5,0.7768,False,0.9577754891864056
stackoverflow,MentalHealth,DecisionTree,Overfitted,Test,0.76,0.5,0.7768,False,0.9783728115345005
stackoverflow,MentalHealth,RandomForest,Underfitted,Train,0.53975,0.5,0.7768,False,0.6948377960865086
stackoverflow,MentalHealth,RandomForest,Underfitted,Test,0.538,0.5,0.7768,False,0.6925849639546859
stackoverflow,MentalHealth,RandomForest,Optimal,Train,0.57525,0.5,0.7768,False,0.740538105046344
stackoverflow,MentalHealth,RandomForest,Optimal,Test,0.54,0.5,0.7768,False,0.6951596292481977
stackoverflow,MentalHealth,RandomForest,Overfitted,Train,0.7605,0.5,0.7768,False,0.9790164778578784
stackoverflow,MentalHealth,RandomForest,Overfitted,Test,0.563,0.5,0.7768,False,0.7247682801235839
stackoverflow,MentalHealth,NeuralNetwork,Underfitted,Train,0.4805,0.5,0.7768,False,0.6185633367662203
stackoverflow,MentalHealth,NeuralNetwork,Underfitted,Test,0.472,0.5,0.7768,False,0.607621009268795
stackoverflow,MentalHealth,NeuralNetwork,Optimal,Train,0.56625,0.5,0.7768,False,0.7289521112255407
stackoverflow,MentalHealth,NeuralNetwork,Optimal,Test,0.557,0.5,0.7768,False,0.7170442842430484
stackoverflow,MentalHealth,NeuralNetwork,Overfitted,Train,0.4125,0.5,0.7768,False,0.5310247167868176
stackoverflow,MentalHealth,NeuralNetwork,Overfitted,Test,0.414,0.5,0.7768,False,0.5329557157569516
