dataset,feature,model,variant,split,random,majority,accuracy,duration
insurance,SEX,XGBoost,Optimal,Train,0.5000547411414311,0.5052316890881914,0.5158878504672897,2.564269781112671
insurance,SEX,XGBoost,Optimal,Test,0.5000547411414311,0.5052316890881914,0.4925373134328358,0.3508179187774658
insurance,SEX,XGBoost,Underfit,Train,0.5000547411414311,0.5052316890881914,0.4953271028037383,0.9215562343597412
insurance,SEX,XGBoost,Underfit,Test,0.5000547411414311,0.5052316890881914,0.4925373134328358,0.24567723274230957
insurance,SEX,XGBoost,Overfit,Train,0.5000547411414311,0.5052316890881914,0.5355140186915888,1.1641862392425537
insurance,SEX,XGBoost,Overfit,Test,0.5000547411414311,0.5052316890881914,0.5335820895522388,0.35367655754089355
insurance,SEX,Decision Tree,Optimal,Train,0.5000547411414311,0.5052316890881914,0.4953271028037383,0.7300832271575928
insurance,SEX,Decision Tree,Optimal,Test,0.5000547411414311,0.5052316890881914,0.48134328358208955,0.17890405654907227
insurance,SEX,Decision Tree,Underfit,Train,0.5000547411414311,0.5052316890881914,0.4953271028037383,0.713289737701416
insurance,SEX,Decision Tree,Underfit,Test,0.5000547411414311,0.5052316890881914,0.4925373134328358,0.18426966667175293
insurance,SEX,Decision Tree,Overfit,Train,0.5000547411414311,0.5052316890881914,0.4934579439252336,0.7169399261474609
insurance,SEX,Decision Tree,Overfit,Test,0.5000547411414311,0.5052316890881914,0.5261194029850746,0.1864759922027588
insurance,SEX,Random Forest,Optimal,Train,0.5000547411414311,0.5052316890881914,0.6056074766355141,20.085320234298706
insurance,SEX,Random Forest,Optimal,Test,0.5000547411414311,0.5052316890881914,0.5111940298507462,5.16820764541626
insurance,SEX,Random Forest,Underfit,Train,0.5000547411414311,0.5052316890881914,0.5560747663551402,3.8453519344329834
insurance,SEX,Random Forest,Underfit,Test,0.5000547411414311,0.5052316890881914,0.5373134328358209,1.2401084899902344
insurance,SEX,Random Forest,Overfit,Train,0.5000547411414311,0.5052316890881914,0.602803738317757,31.409928798675537
insurance,SEX,Random Forest,Overfit,Test,0.5000547411414311,0.5052316890881914,0.5223880597014925,8.074148893356323
insurance,SMOKER,XGBoost,Optimal,Train,0.6743058488116704,0.7952167414050823,0.31121495327102805,0.9779403209686279
insurance,SMOKER,XGBoost,Optimal,Test,0.6743058488116704,0.7952167414050823,0.29850746268656714,0.2986416816711426
insurance,SMOKER,XGBoost,Underfit,Train,0.6743058488116704,0.7952167414050823,0.44485981308411215,0.9298501014709473
insurance,SMOKER,XGBoost,Underfit,Test,0.6743058488116704,0.7952167414050823,0.4626865671641791,0.2511262893676758
insurance,SMOKER,XGBoost,Overfit,Train,0.6743058488116704,0.7952167414050823,0.397196261682243,1.2634851932525635
insurance,SMOKER,XGBoost,Overfit,Test,0.6743058488116704,0.7952167414050823,0.3358208955223881,0.3858511447906494
insurance,SMOKER,Decision Tree,Optimal,Train,0.6743058488116704,0.7952167414050823,0.28130841121495326,0.6841850280761719
insurance,SMOKER,Decision Tree,Optimal,Test,0.6743058488116704,0.7952167414050823,0.26119402985074625,0.2007596492767334
insurance,SMOKER,Decision Tree,Underfit,Train,0.6743058488116704,0.7952167414050823,0.28130841121495326,0.7030377388000488
insurance,SMOKER,Decision Tree,Underfit,Test,0.6743058488116704,0.7952167414050823,0.2947761194029851,0.1775505542755127
insurance,SMOKER,Decision Tree,Overfit,Train,0.6743058488116704,0.7952167414050823,0.26635514018691586,0.710845947265625
insurance,SMOKER,Decision Tree,Overfit,Test,0.6743058488116704,0.7952167414050823,0.27238805970149255,0.17854928970336914
insurance,SMOKER,Random Forest,Optimal,Train,0.6743058488116704,0.7952167414050823,0.38691588785046727,15.50565481185913
insurance,SMOKER,Random Forest,Optimal,Test,0.6743058488116704,0.7952167414050823,0.35074626865671643,4.059577941894531
insurance,SMOKER,Random Forest,Underfit,Train,0.6743058488116704,0.7952167414050823,0.305607476635514,3.929790735244751
insurance,SMOKER,Random Forest,Underfit,Test,0.6743058488116704,0.7952167414050823,0.29850746268656714,1.2664568424224854
insurance,SMOKER,Random Forest,Overfit,Train,0.6743058488116704,0.7952167414050823,0.4981308411214953,31.424240827560425
insurance,SMOKER,Random Forest,Overfit,Test,0.6743058488116704,0.7952167414050823,0.44776119402985076,8.124451398849487
insurance,REGION,XGBoost,Optimal,Train,0.2506485149510346,0.27204783258594917,0.26635514018691586,1.0039372444152832
insurance,REGION,XGBoost,Optimal,Test,0.2506485149510346,0.27204783258594917,0.25,0.3213362693786621
insurance,REGION,XGBoost,Underfit,Train,0.2506485149510346,0.27204783258594917,0.24299065420560748,1.00537109375
insurance,REGION,XGBoost,Underfit,Test,0.2506485149510346,0.27204783258594917,0.24253731343283583,0.26142120361328125
insurance,REGION,XGBoost,Overfit,Train,0.2506485149510346,0.27204783258594917,0.2738317757009346,1.2536938190460205
insurance,REGION,XGBoost,Overfit,Test,0.2506485149510346,0.27204783258594917,0.2462686567164179,0.40436768531799316
insurance,REGION,Decision Tree,Optimal,Train,0.2506485149510346,0.27204783258594917,0.24485981308411214,0.7312073707580566
insurance,REGION,Decision Tree,Optimal,Test,0.2506485149510346,0.27204783258594917,0.23880597014925373,0.19263172149658203
insurance,REGION,Decision Tree,Underfit,Train,0.2506485149510346,0.27204783258594917,0.24299065420560748,0.7266559600830078
insurance,REGION,Decision Tree,Underfit,Test,0.2506485149510346,0.27204783258594917,0.24253731343283583,0.19075942039489746
insurance,REGION,Decision Tree,Overfit,Train,0.2506485149510346,0.27204783258594917,0.2560747663551402,0.7317163944244385
insurance,REGION,Decision Tree,Overfit,Test,0.2506485149510346,0.27204783258594917,0.26492537313432835,0.19123554229736328
insurance,REGION,Random Forest,Optimal,Train,0.2506485149510346,0.27204783258594917,0.38037383177570094,15.410605192184448
insurance,REGION,Random Forest,Optimal,Test,0.2506485149510346,0.27204783258594917,0.25,3.950547695159912
insurance,REGION,Random Forest,Underfit,Train,0.2506485149510346,0.27204783258594917,0.33271028037383177,3.9177932739257812
insurance,REGION,Random Forest,Underfit,Test,0.2506485149510346,0.27204783258594917,0.22761194029850745,1.2961516380310059
insurance,REGION,Random Forest,Overfit,Train,0.2506485149510346,0.27204783258594917,0.4130841121495327,31.31005334854126
insurance,REGION,Random Forest,Overfit,Test,0.2506485149510346,0.27204783258594917,0.26865671641791045,8.13001275062561
insurance,BMI_CATEGORY,XGBoost,Optimal,Train,0.3945484526131633,0.5351270553064275,0.16728971962616823,1.0194687843322754
insurance,BMI_CATEGORY,XGBoost,Optimal,Test,0.3945484526131633,0.5351270553064275,0.11567164179104478,0.30194902420043945
insurance,BMI_CATEGORY,XGBoost,Underfit,Train,0.3945484526131633,0.5351270553064275,0.28317757009345795,0.9576449394226074
insurance,BMI_CATEGORY,XGBoost,Underfit,Test,0.3945484526131633,0.5351270553064275,0.2873134328358209,0.29860472679138184
insurance,BMI_CATEGORY,XGBoost,Overfit,Train,0.3945484526131633,0.5351270553064275,0.32897196261682243,1.2662923336029053
insurance,BMI_CATEGORY,XGBoost,Overfit,Test,0.3945484526131633,0.5351270553064275,0.23507462686567165,0.398160457611084
insurance,BMI_CATEGORY,Decision Tree,Optimal,Train,0.3945484526131633,0.5351270553064275,0.3149532710280374,0.7138221263885498
insurance,BMI_CATEGORY,Decision Tree,Optimal,Test,0.3945484526131633,0.5351270553064275,0.31716417910447764,0.21036267280578613
insurance,BMI_CATEGORY,Decision Tree,Underfit,Train,0.3945484526131633,0.5351270553064275,0.34205607476635513,0.7101101875305176
insurance,BMI_CATEGORY,Decision Tree,Underfit,Test,0.3945484526131633,0.5351270553064275,0.332089552238806,0.20758485794067383
insurance,BMI_CATEGORY,Decision Tree,Overfit,Train,0.3945484526131633,0.5351270553064275,0.3280373831775701,0.7214062213897705
insurance,BMI_CATEGORY,Decision Tree,Overfit,Test,0.3945484526131633,0.5351270553064275,0.34328358208955223,0.19265270233154297
insurance,BMI_CATEGORY,Random Forest,Optimal,Train,0.3945484526131633,0.5351270553064275,0.5149532710280373,15.371965408325195
insurance,BMI_CATEGORY,Random Forest,Optimal,Test,0.3945484526131633,0.5351270553064275,0.4925373134328358,3.966437339782715
insurance,BMI_CATEGORY,Random Forest,Underfit,Train,0.3945484526131633,0.5351270553064275,0.40841121495327104,4.053868055343628
insurance,BMI_CATEGORY,Random Forest,Underfit,Test,0.3945484526131633,0.5351270553064275,0.3805970149253731,1.2678511142730713
insurance,BMI_CATEGORY,Random Forest,Overfit,Train,0.3945484526131633,0.5351270553064275,0.5186915887850467,31.41461491584778
insurance,BMI_CATEGORY,Random Forest,Overfit,Test,0.3945484526131633,0.5351270553064275,0.417910447761194,8.15088438987732
insurance,HAS_CHILDREN,XGBoost,Optimal,Train,0.5100824245186689,0.5710014947683109,0.5551401869158878,1.0742428302764893
insurance,HAS_CHILDREN,XGBoost,Optimal,Test,0.5100824245186689,0.5710014947683109,0.5671641791044776,0.29905080795288086
insurance,HAS_CHILDREN,XGBoost,Underfit,Train,0.5100824245186689,0.5710014947683109,0.43177570093457945,0.9799704551696777
insurance,HAS_CHILDREN,XGBoost,Underfit,Test,0.5100824245186689,0.5710014947683109,0.417910447761194,0.26146984100341797
insurance,HAS_CHILDREN,XGBoost,Overfit,Train,0.5100824245186689,0.5710014947683109,0.5214953271028038,1.2801713943481445
insurance,HAS_CHILDREN,XGBoost,Overfit,Test,0.5100824245186689,0.5710014947683109,0.48880597014925375,0.3830687999725342
insurance,HAS_CHILDREN,Decision Tree,Optimal,Train,0.5100824245186689,0.5710014947683109,0.49906542056074765,0.7158377170562744
insurance,HAS_CHILDREN,Decision Tree,Optimal,Test,0.5100824245186689,0.5710014947683109,0.4925373134328358,0.18867230415344238
insurance,HAS_CHILDREN,Decision Tree,Underfit,Train,0.5100824245186689,0.5710014947683109,0.43177570093457945,0.7133040428161621
insurance,HAS_CHILDREN,Decision Tree,Underfit,Test,0.5100824245186689,0.5710014947683109,0.417910447761194,0.20714068412780762
insurance,HAS_CHILDREN,Decision Tree,Overfit,Train,0.5100824245186689,0.5710014947683109,0.4766355140186916,0.7094249725341797
insurance,HAS_CHILDREN,Decision Tree,Overfit,Test,0.5100824245186689,0.5710014947683109,0.4962686567164179,0.18394804000854492
insurance,HAS_CHILDREN,Random Forest,Optimal,Train,0.5100824245186689,0.5710014947683109,0.6626168224299065,15.488918542861938
insurance,HAS_CHILDREN,Random Forest,Optimal,Test,0.5100824245186689,0.5710014947683109,0.582089552238806,3.9565110206604004
insurance,HAS_CHILDREN,Random Forest,Underfit,Train,0.5100824245186689,0.5710014947683109,0.6616822429906543,3.9626622200012207
insurance,HAS_CHILDREN,Random Forest,Underfit,Test,0.5100824245186689,0.5710014947683109,0.6305970149253731,1.2769525051116943
insurance,HAS_CHILDREN,Random Forest,Overfit,Train,0.5100824245186689,0.5710014947683109,0.6598130841121496,31.568336486816406
insurance,HAS_CHILDREN,Random Forest,Overfit,Test,0.5100824245186689,0.5710014947683109,0.5298507462686567,8.125533819198608
personality,STAGE_FEAR,XGBoost,Optimal,Train,0.50536648,0.5518,0.7195,5.06915020942688
personality,STAGE_FEAR,XGBoost,Optimal,Test,0.50536648,0.5518,0.684,0.9172565937042236
personality,STAGE_FEAR,XGBoost,Underfit,Train,0.50536648,0.5518,0.4545,3.217688798904419
personality,STAGE_FEAR,XGBoost,Underfit,Test,0.50536648,0.5518,0.423,0.8410851955413818
personality,STAGE_FEAR,XGBoost,Overfit,Train,0.50536648,0.5518,0.71175,3.581942558288574
personality,STAGE_FEAR,XGBoost,Overfit,Test,0.50536648,0.5518,0.691,1.0354900360107422
personality,STAGE_FEAR,Decision Tree,Optimal,Train,0.50536648,0.5518,0.45825,2.5384809970855713
personality,STAGE_FEAR,Decision Tree,Optimal,Test,0.50536648,0.5518,0.446,0.6603188514709473
personality,STAGE_FEAR,Decision Tree,Underfit,Train,0.50536648,0.5518,0.4545,2.489781141281128
personality,STAGE_FEAR,Decision Tree,Underfit,Test,0.50536648,0.5518,0.423,0.6521387100219727
personality,STAGE_FEAR,Decision Tree,Overfit,Train,0.50536648,0.5518,0.45475,2.4921674728393555
personality,STAGE_FEAR,Decision Tree,Overfit,Test,0.50536648,0.5518,0.43,0.6327991485595703
personality,STAGE_FEAR,Random Forest,Optimal,Train,0.50536648,0.5518,0.55725,4.22236180305481
personality,STAGE_FEAR,Random Forest,Optimal,Test,0.50536648,0.5518,0.514,1.1315839290618896
personality,STAGE_FEAR,Random Forest,Underfit,Train,0.50536648,0.5518,0.61325,3.3132991790771484
personality,STAGE_FEAR,Random Forest,Underfit,Test,0.50536648,0.5518,0.62,0.8297181129455566
personality,STAGE_FEAR,Random Forest,Overfit,Train,0.50536648,0.5518,0.5535,7.606245756149292
personality,STAGE_FEAR,Random Forest,Overfit,Test,0.50536648,0.5518,0.515,2.3252556324005127
personality,SOCIAL_DRAIN,XGBoost,Optimal,Train,0.50512072,0.5506,0.7385,3.2235326766967773
personality,SOCIAL_DRAIN,XGBoost,Optimal,Test,0.50512072,0.5506,0.751,0.8985681533813477
personality,SOCIAL_DRAIN,XGBoost,Underfit,Train,0.50512072,0.5506,0.449,3.0351405143737793
personality,SOCIAL_DRAIN,XGBoost,Underfit,Test,0.50512072,0.5506,0.451,0.8316216468811035
personality,SOCIAL_DRAIN,XGBoost,Overfit,Train,0.50512072,0.5506,0.68075,3.4616963863372803
personality,SOCIAL_DRAIN,XGBoost,Overfit,Test,0.50512072,0.5506,0.673,0.9891486167907715
personality,SOCIAL_DRAIN,Decision Tree,Optimal,Train,0.50512072,0.5506,0.45875,2.448052167892456
personality,SOCIAL_DRAIN,Decision Tree,Optimal,Test,0.50512072,0.5506,0.453,0.6422834396362305
personality,SOCIAL_DRAIN,Decision Tree,Underfit,Train,0.50512072,0.5506,0.5585,2.466644763946533
personality,SOCIAL_DRAIN,Decision Tree,Underfit,Test,0.50512072,0.5506,0.57,0.6325204372406006
personality,SOCIAL_DRAIN,Decision Tree,Overfit,Train,0.50512072,0.5506,0.45,2.4411303997039795
personality,SOCIAL_DRAIN,Decision Tree,Overfit,Test,0.50512072,0.5506,0.452,0.6307604312896729
personality,SOCIAL_DRAIN,Random Forest,Optimal,Train,0.50512072,0.5506,0.52975,4.164777994155884
personality,SOCIAL_DRAIN,Random Forest,Optimal,Test,0.50512072,0.5506,0.514,1.107853651046753
personality,SOCIAL_DRAIN,Random Forest,Underfit,Train,0.50512072,0.5506,0.50625,3.156115770339966
personality,SOCIAL_DRAIN,Random Forest,Underfit,Test,0.50512072,0.5506,0.465,0.8123035430908203
personality,SOCIAL_DRAIN,Random Forest,Overfit,Train,0.50512072,0.5506,0.54575,7.470958471298218
personality,SOCIAL_DRAIN,Random Forest,Overfit,Test,0.50512072,0.5506,0.536,2.2616312503814697
personality,TIME_ALONE,XGBoost,Optimal,Train,0.35904200000000003,0.441,0.4835,3.3454742431640625
personality,TIME_ALONE,XGBoost,Optimal,Test,0.35904200000000003,0.441,0.451,0.834416389465332
personality,TIME_ALONE,XGBoost,Underfit,Train,0.35904200000000003,0.441,0.34275,3.121980905532837
personality,TIME_ALONE,XGBoost,Underfit,Test,0.35904200000000003,0.441,0.349,0.8641765117645264
personality,TIME_ALONE,XGBoost,Overfit,Train,0.35904200000000003,0.441,0.48325,3.6016430854797363
personality,TIME_ALONE,XGBoost,Overfit,Test,0.35904200000000003,0.441,0.445,1.0044727325439453
personality,TIME_ALONE,Decision Tree,Optimal,Train,0.35904200000000003,0.441,0.351,2.4660494327545166
personality,TIME_ALONE,Decision Tree,Optimal,Test,0.35904200000000003,0.441,0.355,0.6429932117462158
personality,TIME_ALONE,Decision Tree,Underfit,Train,0.35904200000000003,0.441,0.34275,2.4628829956054688
personality,TIME_ALONE,Decision Tree,Underfit,Test,0.35904200000000003,0.441,0.349,0.6444394588470459
personality,TIME_ALONE,Decision Tree,Overfit,Train,0.35904200000000003,0.441,0.346,2.448780059814453
personality,TIME_ALONE,Decision Tree,Overfit,Test,0.35904200000000003,0.441,0.354,0.6478726863861084
personality,TIME_ALONE,Random Forest,Optimal,Train,0.35904200000000003,0.441,0.39725,4.174652338027954
personality,TIME_ALONE,Random Forest,Optimal,Test,0.35904200000000003,0.441,0.371,1.1154258251190186
personality,TIME_ALONE,Random Forest,Underfit,Train,0.35904200000000003,0.441,0.4655,3.139667272567749
personality,TIME_ALONE,Random Forest,Underfit,Test,0.35904200000000003,0.441,0.452,0.8156981468200684
personality,TIME_ALONE,Random Forest,Overfit,Train,0.35904200000000003,0.441,0.41875,7.512542247772217
personality,TIME_ALONE,Random Forest,Overfit,Test,0.35904200000000003,0.441,0.386,2.24320650100708
personality,EVENT_ATTENDANCE,XGBoost,Optimal,Train,0.36990024,0.4846,0.5085,3.424945592880249
personality,EVENT_ATTENDANCE,XGBoost,Optimal,Test,0.36990024,0.4846,0.511,0.851032018661499
personality,EVENT_ATTENDANCE,XGBoost,Underfit,Train,0.36990024,0.4846,0.48575,3.1958630084991455
personality,EVENT_ATTENDANCE,XGBoost,Underfit,Test,0.36990024,0.4846,0.48,0.794560432434082
personality,EVENT_ATTENDANCE,XGBoost,Overfit,Train,0.36990024,0.4846,0.5015,3.461259126663208
personality,EVENT_ATTENDANCE,XGBoost,Overfit,Test,0.36990024,0.4846,0.503,1.0282437801361084
personality,EVENT_ATTENDANCE,Decision Tree,Optimal,Train,0.36990024,0.4846,0.47575,2.4755446910858154
personality,EVENT_ATTENDANCE,Decision Tree,Optimal,Test,0.36990024,0.4846,0.461,0.6334986686706543
personality,EVENT_ATTENDANCE,Decision Tree,Underfit,Train,0.36990024,0.4846,0.401,2.460216522216797
personality,EVENT_ATTENDANCE,Decision Tree,Underfit,Test,0.36990024,0.4846,0.382,0.6502902507781982
personality,EVENT_ATTENDANCE,Decision Tree,Overfit,Train,0.36990024,0.4846,0.47775,2.4433095455169678
personality,EVENT_ATTENDANCE,Decision Tree,Overfit,Test,0.36990024,0.4846,0.472,0.6519057750701904
personality,EVENT_ATTENDANCE,Random Forest,Optimal,Train,0.36990024,0.4846,0.489,4.142338037490845
personality,EVENT_ATTENDANCE,Random Forest,Optimal,Test,0.36990024,0.4846,0.456,1.108945608139038
personality,EVENT_ATTENDANCE,Random Forest,Underfit,Train,0.36990024,0.4846,0.508,3.089261293411255
personality,EVENT_ATTENDANCE,Random Forest,Underfit,Test,0.36990024,0.4846,0.51,0.820807933807373
personality,EVENT_ATTENDANCE,Random Forest,Overfit,Train,0.36990024,0.4846,0.50975,7.509461402893066
personality,EVENT_ATTENDANCE,Random Forest,Overfit,Test,0.36990024,0.4846,0.471,2.242323160171509
occupation,EDUCATION,XGBoost,Optimal,Train,0.187362,0.3148,0.29975,5.89877986907959
occupation,EDUCATION,XGBoost,Optimal,Test,0.187362,0.3148,0.273,1.1836512088775635
occupation,EDUCATION,XGBoost,Underfit,Train,0.187362,0.3148,0.28025,4.105144023895264
occupation,EDUCATION,XGBoost,Underfit,Test,0.187362,0.3148,0.325,1.1557278633117676
occupation,EDUCATION,XGBoost,Overfit,Train,0.187362,0.3148,0.2175,4.4354870319366455
occupation,EDUCATION,XGBoost,Overfit,Test,0.187362,0.3148,0.186,1.2387363910675049
occupation,EDUCATION,Decision Tree,Optimal,Train,0.187362,0.3148,0.2725,3.406536102294922
occupation,EDUCATION,Decision Tree,Optimal,Test,0.187362,0.3148,0.31,0.8811452388763428
occupation,EDUCATION,Decision Tree,Underfit,Train,0.187362,0.3148,0.22075,3.4106626510620117
occupation,EDUCATION,Decision Tree,Underfit,Test,0.187362,0.3148,0.246,0.8710451126098633
occupation,EDUCATION,Decision Tree,Overfit,Train,0.187362,0.3148,0.252,3.397670269012451
occupation,EDUCATION,Decision Tree,Overfit,Test,0.187362,0.3148,0.275,0.8694489002227783
occupation,EDUCATION,Random Forest,Optimal,Train,0.187362,0.3148,0.334,7.411965608596802
occupation,EDUCATION,Random Forest,Optimal,Test,0.187362,0.3148,0.225,2.2587015628814697
occupation,EDUCATION,Random Forest,Underfit,Train,0.187362,0.3148,0.25475,4.727071762084961
occupation,EDUCATION,Random Forest,Underfit,Test,0.187362,0.3148,0.212,1.2308690547943115
occupation,EDUCATION,Random Forest,Overfit,Train,0.187362,0.3148,0.36875,14.219620943069458
occupation,EDUCATION,Random Forest,Overfit,Test,0.187362,0.3148,0.246,3.8612096309661865
occupation,MARITAL_STATUS,XGBoost,Optimal,Train,0.34443248,0.4614,0.39275,3.930837869644165
occupation,MARITAL_STATUS,XGBoost,Optimal,Test,0.34443248,0.4614,0.378,1.0704848766326904
occupation,MARITAL_STATUS,XGBoost,Underfit,Train,0.34443248,0.4614,0.15375,3.8965375423431396
occupation,MARITAL_STATUS,XGBoost,Underfit,Test,0.34443248,0.4614,0.161,1.0251142978668213
occupation,MARITAL_STATUS,XGBoost,Overfit,Train,0.34443248,0.4614,0.28775,4.012871980667114
occupation,MARITAL_STATUS,XGBoost,Overfit,Test,0.34443248,0.4614,0.275,1.1473512649536133
occupation,MARITAL_STATUS,Decision Tree,Optimal,Train,0.34443248,0.4614,0.2365,3.1145272254943848
occupation,MARITAL_STATUS,Decision Tree,Optimal,Test,0.34443248,0.4614,0.245,0.804619550704956
occupation,MARITAL_STATUS,Decision Tree,Underfit,Train,0.34443248,0.4614,0.18125,3.0931813716888428
occupation,MARITAL_STATUS,Decision Tree,Underfit,Test,0.34443248,0.4614,0.195,0.8021078109741211
occupation,MARITAL_STATUS,Decision Tree,Overfit,Train,0.34443248,0.4614,0.32025,3.1371829509735107
occupation,MARITAL_STATUS,Decision Tree,Overfit,Test,0.34443248,0.4614,0.314,0.8072829246520996
occupation,MARITAL_STATUS,Random Forest,Optimal,Train,0.34443248,0.4614,0.39875,7.058326005935669
occupation,MARITAL_STATUS,Random Forest,Optimal,Test,0.34443248,0.4614,0.338,2.1744673252105713
occupation,MARITAL_STATUS,Random Forest,Underfit,Train,0.34443248,0.4614,0.396,4.39246940612793
occupation,MARITAL_STATUS,Random Forest,Underfit,Test,0.34443248,0.4614,0.379,1.1495978832244873
occupation,MARITAL_STATUS,Random Forest,Overfit,Train,0.34443248,0.4614,0.445,12.052714586257935
occupation,MARITAL_STATUS,Random Forest,Overfit,Test,0.34443248,0.4614,0.391,3.908966541290283
occupation,OCCUPATION,XGBoost,Optimal,Train,0.10524127999999999,0.1342,0.092,4.253378629684448
occupation,OCCUPATION,XGBoost,Optimal,Test,0.10524127999999999,0.1342,0.083,1.1666114330291748
occupation,OCCUPATION,XGBoost,Underfit,Train,0.10524127999999999,0.1342,0.1095,4.054286479949951
occupation,OCCUPATION,XGBoost,Underfit,Test,0.10524127999999999,0.1342,0.096,1.1092860698699951
occupation,OCCUPATION,XGBoost,Overfit,Train,0.10524127999999999,0.1342,0.09475,4.323592185974121
occupation,OCCUPATION,XGBoost,Overfit,Test,0.10524127999999999,0.1342,0.078,1.1928751468658447
occupation,OCCUPATION,Decision Tree,Optimal,Train,0.10524127999999999,0.1342,0.14625,3.329258918762207
occupation,OCCUPATION,Decision Tree,Optimal,Test,0.10524127999999999,0.1342,0.134,0.8529825210571289
occupation,OCCUPATION,Decision Tree,Underfit,Train,0.10524127999999999,0.1342,0.12875,3.3047382831573486
occupation,OCCUPATION,Decision Tree,Underfit,Test,0.10524127999999999,0.1342,0.119,0.8450775146484375
occupation,OCCUPATION,Decision Tree,Overfit,Train,0.10524127999999999,0.1342,0.12275,3.330136299133301
occupation,OCCUPATION,Decision Tree,Overfit,Test,0.10524127999999999,0.1342,0.109,0.874312162399292
occupation,OCCUPATION,Random Forest,Optimal,Train,0.10524127999999999,0.1342,0.2215,7.27217173576355
occupation,OCCUPATION,Random Forest,Optimal,Test,0.10524127999999999,0.1342,0.13,2.2280476093292236
occupation,OCCUPATION,Random Forest,Underfit,Train,0.10524127999999999,0.1342,0.17375,4.629387617111206
occupation,OCCUPATION,Random Forest,Underfit,Test,0.10524127999999999,0.1342,0.14,1.215667724609375
occupation,OCCUPATION,Random Forest,Overfit,Train,0.10524127999999999,0.1342,0.24725,12.21949553489685
occupation,OCCUPATION,Random Forest,Overfit,Test,0.10524127999999999,0.1342,0.138,3.727754592895508
occupation,RACE,XGBoost,Optimal,Train,0.7318971999999999,0.8492,0.38725,3.933971881866455
occupation,RACE,XGBoost,Optimal,Test,0.7318971999999999,0.8492,0.372,1.0252983570098877
occupation,RACE,XGBoost,Underfit,Train,0.7318971999999999,0.8492,0.8125,3.796156406402588
occupation,RACE,XGBoost,Underfit,Test,0.7318971999999999,0.8492,0.786,1.015920639038086
occupation,RACE,XGBoost,Overfit,Train,0.7318971999999999,0.8492,0.37175,3.96105694770813
occupation,RACE,XGBoost,Overfit,Test,0.7318971999999999,0.8492,0.334,1.096050500869751
occupation,RACE,Decision Tree,Optimal,Train,0.7318971999999999,0.8492,0.85025,3.0415680408477783
occupation,RACE,Decision Tree,Optimal,Test,0.7318971999999999,0.8492,0.845,0.7784333229064941
occupation,RACE,Decision Tree,Underfit,Train,0.7318971999999999,0.8492,0.85025,3.027129650115967
occupation,RACE,Decision Tree,Underfit,Test,0.7318971999999999,0.8492,0.845,0.7855350971221924
occupation,RACE,Decision Tree,Overfit,Train,0.7318971999999999,0.8492,0.7995,3.0365347862243652
occupation,RACE,Decision Tree,Overfit,Test,0.7318971999999999,0.8492,0.796,0.7980329990386963
occupation,RACE,Random Forest,Optimal,Train,0.7318971999999999,0.8492,0.33325,6.96833872795105
occupation,RACE,Random Forest,Optimal,Test,0.7318971999999999,0.8492,0.236,2.1417109966278076
occupation,RACE,Random Forest,Underfit,Train,0.7318971999999999,0.8492,0.22725,4.289422035217285
occupation,RACE,Random Forest,Underfit,Test,0.7318971999999999,0.8492,0.224,1.1309964656829834
occupation,RACE,Random Forest,Overfit,Train,0.7318971999999999,0.8492,0.3755,11.441084384918213
occupation,RACE,Random Forest,Overfit,Test,0.7318971999999999,0.8492,0.269,4.04788875579834
occupation,GENDER,XGBoost,Optimal,Train,0.5626580000000001,0.677,0.65775,3.723250389099121
occupation,GENDER,XGBoost,Optimal,Test,0.5626580000000001,0.677,0.683,1.0280134677886963
occupation,GENDER,XGBoost,Underfit,Train,0.5626580000000001,0.677,0.71525,3.7854056358337402
occupation,GENDER,XGBoost,Underfit,Test,0.5626580000000001,0.677,0.74,1.000474452972412
occupation,GENDER,XGBoost,Overfit,Train,0.5626580000000001,0.677,0.5705,3.92423415184021
occupation,GENDER,XGBoost,Overfit,Test,0.5626580000000001,0.677,0.509,1.074340581893921
occupation,GENDER,Decision Tree,Optimal,Train,0.5626580000000001,0.677,0.70725,2.9632201194763184
occupation,GENDER,Decision Tree,Optimal,Test,0.5626580000000001,0.677,0.738,0.7461066246032715
occupation,GENDER,Decision Tree,Underfit,Train,0.5626580000000001,0.677,0.672,2.950002670288086
occupation,GENDER,Decision Tree,Underfit,Test,0.5626580000000001,0.677,0.697,0.7650847434997559
occupation,GENDER,Decision Tree,Overfit,Train,0.5626580000000001,0.677,0.68425,2.954850196838379
occupation,GENDER,Decision Tree,Overfit,Test,0.5626580000000001,0.677,0.716,0.7748754024505615
occupation,GENDER,Random Forest,Optimal,Train,0.5626580000000001,0.677,0.61275,6.859374761581421
occupation,GENDER,Random Forest,Optimal,Test,0.5626580000000001,0.677,0.534,2.1674323081970215
occupation,GENDER,Random Forest,Underfit,Train,0.5626580000000001,0.677,0.501,4.168521404266357
occupation,GENDER,Random Forest,Underfit,Test,0.5626580000000001,0.677,0.508,1.1025190353393555
occupation,GENDER,Random Forest,Overfit,Train,0.5626580000000001,0.677,0.62975,11.803653478622437
occupation,GENDER,Random Forest,Overfit,Test,0.5626580000000001,0.677,0.545,3.4166626930236816
stackoverflow,AGE,XGBoost,Optimal,Train,0.5484227199999999,0.6556,0.64825,4.682835102081299
stackoverflow,AGE,XGBoost,Optimal,Test,0.5484227199999999,0.6556,0.685,0.838186502456665
stackoverflow,AGE,XGBoost,Underfit,Train,0.5484227199999999,0.6556,0.64825,3.2184836864471436
stackoverflow,AGE,XGBoost,Underfit,Test,0.5484227199999999,0.6556,0.685,0.8544578552246094
stackoverflow,AGE,XGBoost,Overfit,Train,0.5484227199999999,0.6556,0.61025,3.251699447631836
stackoverflow,AGE,XGBoost,Overfit,Test,0.5484227199999999,0.6556,0.636,0.8444516658782959
stackoverflow,AGE,Decision Tree,Optimal,Train,0.5484227199999999,0.6556,0.64825,2.4907619953155518
stackoverflow,AGE,Decision Tree,Optimal,Test,0.5484227199999999,0.6556,0.685,0.6234602928161621
stackoverflow,AGE,Decision Tree,Underfit,Train,0.5484227199999999,0.6556,0.64825,2.4481301307678223
stackoverflow,AGE,Decision Tree,Underfit,Test,0.5484227199999999,0.6556,0.685,0.6415977478027344
stackoverflow,AGE,Decision Tree,Overfit,Train,0.5484227199999999,0.6556,0.64825,2.4506278038024902
stackoverflow,AGE,Decision Tree,Overfit,Test,0.5484227199999999,0.6556,0.685,0.6512534618377686
stackoverflow,AGE,Random Forest,Optimal,Train,0.5484227199999999,0.6556,0.63225,7.298325777053833
stackoverflow,AGE,Random Forest,Optimal,Test,0.5484227199999999,0.6556,0.631,2.1443827152252197
stackoverflow,AGE,Random Forest,Underfit,Train,0.5484227199999999,0.6556,0.3685,4.405793905258179
stackoverflow,AGE,Random Forest,Underfit,Test,0.5484227199999999,0.6556,0.334,1.3129830360412598
stackoverflow,AGE,Random Forest,Overfit,Train,0.5484227199999999,0.6556,0.6095,12.81260085105896
stackoverflow,AGE,Random Forest,Overfit,Test,0.5484227199999999,0.6556,0.565,4.111311674118042
stackoverflow,ACCESSIBILITY,XGBoost,Optimal,Train,0.9508700800000001,0.9748,0.975,3.833958864212036
stackoverflow,ACCESSIBILITY,XGBoost,Optimal,Test,0.9508700800000001,0.9748,0.974,1.0298359394073486
stackoverflow,ACCESSIBILITY,XGBoost,Underfit,Train,0.9508700800000001,0.9748,0.975,3.8424761295318604
stackoverflow,ACCESSIBILITY,XGBoost,Underfit,Test,0.9508700800000001,0.9748,0.974,1.0333619117736816
stackoverflow,ACCESSIBILITY,XGBoost,Overfit,Train,0.9508700800000001,0.9748,0.697,3.5543642044067383
stackoverflow,ACCESSIBILITY,XGBoost,Overfit,Test,0.9508700800000001,0.9748,0.706,1.114966630935669
stackoverflow,ACCESSIBILITY,Decision Tree,Optimal,Train,0.9508700800000001,0.9748,0.975,2.8611555099487305
stackoverflow,ACCESSIBILITY,Decision Tree,Optimal,Test,0.9508700800000001,0.9748,0.974,0.7390890121459961
stackoverflow,ACCESSIBILITY,Decision Tree,Underfit,Train,0.9508700800000001,0.9748,0.975,2.866245985031128
stackoverflow,ACCESSIBILITY,Decision Tree,Underfit,Test,0.9508700800000001,0.9748,0.974,0.7525935173034668
stackoverflow,ACCESSIBILITY,Decision Tree,Overfit,Train,0.9508700800000001,0.9748,0.975,2.849350929260254
stackoverflow,ACCESSIBILITY,Decision Tree,Overfit,Test,0.9508700800000001,0.9748,0.974,0.740382194519043
stackoverflow,ACCESSIBILITY,Random Forest,Optimal,Train,0.9508700800000001,0.9748,0.456,8.406940937042236
stackoverflow,ACCESSIBILITY,Random Forest,Optimal,Test,0.9508700800000001,0.9748,0.446,2.4688987731933594
stackoverflow,ACCESSIBILITY,Random Forest,Underfit,Train,0.9508700800000001,0.9748,0.45575,4.8887224197387695
stackoverflow,ACCESSIBILITY,Random Forest,Underfit,Test,0.9508700800000001,0.9748,0.479,1.3303697109222412
stackoverflow,ACCESSIBILITY,Random Forest,Overfit,Train,0.9508700800000001,0.9748,0.525,12.301411628723145
stackoverflow,ACCESSIBILITY,Random Forest,Overfit,Test,0.9508700800000001,0.9748,0.512,3.9297728538513184
stackoverflow,EDUCATION_LEVEL,XGBoost,Optimal,Train,0.35145239999999994,0.51,0.04225,3.778508424758911
stackoverflow,EDUCATION_LEVEL,XGBoost,Optimal,Test,0.35145239999999994,0.51,0.049,1.063023567199707
stackoverflow,EDUCATION_LEVEL,XGBoost,Underfit,Train,0.35145239999999994,0.51,0.0525,3.469499111175537
stackoverflow,EDUCATION_LEVEL,XGBoost,Underfit,Test,0.35145239999999994,0.51,0.052,0.8808994293212891
stackoverflow,EDUCATION_LEVEL,XGBoost,Overfit,Train,0.35145239999999994,0.51,0.12,3.5195906162261963
stackoverflow,EDUCATION_LEVEL,XGBoost,Overfit,Test,0.35145239999999994,0.51,0.111,0.9019238948822021
stackoverflow,EDUCATION_LEVEL,Decision Tree,Optimal,Train,0.35145239999999994,0.51,0.0525,2.6346724033355713
stackoverflow,EDUCATION_LEVEL,Decision Tree,Optimal,Test,0.35145239999999994,0.51,0.052,0.6780533790588379
stackoverflow,EDUCATION_LEVEL,Decision Tree,Underfit,Train,0.35145239999999994,0.51,0.0525,2.698045253753662
stackoverflow,EDUCATION_LEVEL,Decision Tree,Underfit,Test,0.35145239999999994,0.51,0.052,0.6538364887237549
stackoverflow,EDUCATION_LEVEL,Decision Tree,Overfit,Train,0.35145239999999994,0.51,0.0525,2.6698174476623535
stackoverflow,EDUCATION_LEVEL,Decision Tree,Overfit,Test,0.35145239999999994,0.51,0.052,0.6787388324737549
stackoverflow,EDUCATION_LEVEL,Random Forest,Optimal,Train,0.35145239999999994,0.51,0.085,7.563285827636719
stackoverflow,EDUCATION_LEVEL,Random Forest,Optimal,Test,0.35145239999999994,0.51,0.083,2.199899196624756
stackoverflow,EDUCATION_LEVEL,Random Forest,Underfit,Train,0.35145239999999994,0.51,0.10875,4.224680423736572
stackoverflow,EDUCATION_LEVEL,Random Forest,Underfit,Test,0.35145239999999994,0.51,0.117,1.1181886196136475
stackoverflow,EDUCATION_LEVEL,Random Forest,Overfit,Train,0.35145239999999994,0.51,0.175,11.980608940124512
stackoverflow,EDUCATION_LEVEL,Random Forest,Overfit,Test,0.35145239999999994,0.51,0.138,3.7148349285125732
stackoverflow,GENDER,XGBoost,Optimal,Train,0.86512352,0.9284,0.86275,3.300581455230713
stackoverflow,GENDER,XGBoost,Optimal,Test,0.86512352,0.9284,0.839,0.8333213329315186
stackoverflow,GENDER,XGBoost,Underfit,Train,0.86512352,0.9284,0.9295,3.159475564956665
stackoverflow,GENDER,XGBoost,Underfit,Test,0.86512352,0.9284,0.924,0.8939108848571777
stackoverflow,GENDER,XGBoost,Overfit,Train,0.86512352,0.9284,0.18225,3.2496235370635986
stackoverflow,GENDER,XGBoost,Overfit,Test,0.86512352,0.9284,0.185,0.9000396728515625
stackoverflow,GENDER,Decision Tree,Optimal,Train,0.86512352,0.9284,0.9295,2.500786066055298
stackoverflow,GENDER,Decision Tree,Optimal,Test,0.86512352,0.9284,0.924,0.6218504905700684
stackoverflow,GENDER,Decision Tree,Underfit,Train,0.86512352,0.9284,0.9295,2.49371337890625
stackoverflow,GENDER,Decision Tree,Underfit,Test,0.86512352,0.9284,0.924,0.623239278793335
stackoverflow,GENDER,Decision Tree,Overfit,Train,0.86512352,0.9284,0.9295,2.5088279247283936
stackoverflow,GENDER,Decision Tree,Overfit,Test,0.86512352,0.9284,0.924,0.6253564357757568
stackoverflow,GENDER,Random Forest,Optimal,Train,0.86512352,0.9284,0.58825,7.354893922805786
stackoverflow,GENDER,Random Forest,Optimal,Test,0.86512352,0.9284,0.591,2.163533926010132
stackoverflow,GENDER,Random Forest,Underfit,Train,0.86512352,0.9284,0.17575,4.107783794403076
stackoverflow,GENDER,Random Forest,Underfit,Test,0.86512352,0.9284,0.177,1.1085917949676514
stackoverflow,GENDER,Random Forest,Overfit,Train,0.86512352,0.9284,0.45975,11.429675102233887
stackoverflow,GENDER,Random Forest,Overfit,Test,0.86512352,0.9284,0.421,3.7387855052948
